time_sec,frames
131.70833333333334,31610
136.17916666666667,32683
