time_sec,frames
153.58333333333334,36860
154.96666666666667,37192
156.3125,37515
157.65416666666667,37837
