time_sec,frames
76.00416666666666,18241
77.44166666666666,18586
78.82916666666667,18919
80.19583333333334,19247
153.725,36894
