time_sec,frames
102.37916666666666,24571
104.82083333333334,25157
