time_sec,frames
102.36666666666666,24568
104.82083333333334,25157
