time_sec,frames
205.68333333333334,49364
209.80833333333334,50354
211.1625,50679
366.4291666666667,87943
368.81666666666666,88516
370.97083333333336,89033
373.12083333333334,89549
