time_sec,frames
186.76666666666668,44824
187.34166666666667,44962
189.1,45384
189.6875,45525
192.0375,46089
193.82083333333333,46517
