time_sec,frames
187.40416666666667,44977
188.93333333333334,45344
191.97083333333333,46073
