time_sec,frames
147.16666666666666,35320
149.22916666666666,35815
151.15,36276
