time_sec,frames
147.17083333333332,35321
149.225,35814
151.16666666666666,36280
