time_sec,frames
163.0875,39141
167.61666666666667,40228
169.90833333333333,40778
