time_sec,frames
168.71666666666667,40492
171.02916666666667,41047
