time_sec,frames
77.97083333333333,18713
112.07083333333334,26897
