time_sec,frames
191.92083333333332,46061
197.30833333333334,47354
