time_sec,frames
293.3333333333333,70400
296.12083333333334,71069
