time_sec,frames
137.22916666666666,32935
137.98333333333332,33116
140.10833333333332,33626
140.8,33792
142.13333333333333,34112
142.77916666666667,34267
143.4375,34425
184.18333333333334,44204
186.84166666666667,44842
