time_sec,frames
118.475,28434
119.79166666666667,28750
121.07083333333334,29057
122.3375,29361
123.6,29664
124.84583333333333,29963
