time_sec,frames
116.57083333333334,27977
117.82916666666667,28279
119.13333333333334,28592
120.43333333333334,28904
121.7125,29211
122.97916666666667,29515
124.22916666666667,29815
125.51666666666667,30124
126.775,30426
128.02083333333334,30725
