time_sec,frames
231.82916666666668,55639
236.44166666666666,56746
