time_sec,frames
219.6125,52707
222.7,53448
236.1375,56673
243.42916666666667,58423
246.35416666666666,59125
374.1875,89805
