time_sec,frames
82.59583333333333,19823
83.11666666666666,19948
84.66666666666667,20320
85.2,20448
