time_sec,frames
103.27083333333333,24785
107.14583333333333,25715
