time_sec,frames
38.74583333333333,9299
39.62916666666667,9511
42.4875,10197
