time_sec,frames
133.45,32028
134.63333333333333,32312
135.76666666666668,32584
