time_sec,frames
302.5416666666667,72610
305.9375,73425
559.9416666666667,134386
